# dwelling locations: except 10001003, 10001105, 10001044, 10001040, 10001063, 10001042, 10001108, 10001137,
# 10001138, 10001139, 10001063, 10001020

# dwellings: users 10011, 10013, 10014, 10015
INSERT INTO `dwelling` (ID, SETTLEMENT_ID, SETTLEMENT_AREA, SETTLEMENT_AREA_SEARCH, KIND, NUMBER_OF_ROOMS, TOTAL_AREA,
                        LIVING_AREA, PRICE,
                        BILLING_PERIOD, LOCATION_ID, DESCRIPTION, MODIFICATION_TIME, OPERATOR_ID)
VALUES (10101, 20010010, 'Бичівка', 'БИЧІВКА', 'FLAT', 2, 60, 46, 4500.0, 'MONTH', 10001006,
        'Двокімнатна квартира на Бичівці з ремонтом і меблями (кухня, спальня)', CURRENT_TIMESTAMP(), 10011),
       (10102, 20010010, 'Бичівка', 'БИЧІВКА', 'BACHELOR_FLAT', 1, 28, 20, 2700.0, 'MONTH', 10001011,
        'Гостинка на Бичівці', CURRENT_TIMESTAMP(), 10011),
       (10103, 20010001, 'Центр', 'ЦЕНТР', 'FLAT', 3, 76, 58, 5600.0, 'MONTH', 10001013,
        'Трикімнатна квартира в центрі, кухня 11 м2', CURRENT_TIMESTAMP(), 10013),
       (10104, 20010001, 'Центр', 'ЦЕНТР', 'FLAT', 4, 82, 64, 6200.0, 'MONTH', 10001014,
        'Чотирикімнатна квартира з ремонтом і меблями', CURRENT_TIMESTAMP(), 10014),
       (10105, 20010001, 'Дубки', 'ДУБКИ', 'FLAT', 1, 36, 18, 2600.0, 'MONTH', 10001015,
        'Однокімнатна квартира на Дубках', CURRENT_TIMESTAMP(), 10015),
       (10106, 20010015, 'Багна', 'БАГНА', 'ROOM', 0, 14, 14, 600.0, 'WEEK', NULL, '', CURRENT_TIMESTAMP(), 10011),
       (10107, 20010016, 'Заплава', 'ЗАПЛАВА', 'FLAT', 2, 45, 28, 2700.0, 'MONTH', NULL,
        'Двокімнатна квартира з меблями, недалеко від центру', CURRENT_TIMESTAMP(), 10015),
       (10108, 20010001, 'Урвище', 'УРВИЩЕ', 'FLAT', 1, 34, 18, 2400.0, 'MONTH', 10001016,
        'Однокімнатна квартира на Урвищі', CURRENT_TIMESTAMP(), 10013),
       (10109, 20010001, 'Урвище', 'УРВИЩЕ', 'FLAT', 1, 32, 15, 2200.0, 'MONTH', 10001017, 'Однокімнатна квартира',
        CURRENT_TIMESTAMP(), 10011),
       (10110, 20010014, 'Забрьохи', 'ЗАБРЬОХИ', 'HOUSE', 5, 125, 90, 23000.0, 'QUARTER', NULL,
        'Приватний будинок з усіма вигодами: водогін, каналізація, газ', CURRENT_TIMESTAMP(), 10014),
       (10111, 20010015, 'Рівчаки', 'РІВЧАКИ', 'FLAT', 2, 48, 30, 4000.0, 'MONTH', NULL,
        'Двокімнатна квартира на Рівчаках', CURRENT_TIMESTAMP(), 10014),
       (10112, 20010016, 'Балка', 'БАЛКА', 'BACHELOR_FLAT', 1, 28, 20, 2300.0, 'MONTH', NULL,
        'Кавалерка на Балці: свій санвузол, мийка, електроплита', CURRENT_TIMESTAMP(), 10014),
       (10113, 20010001, 'Дубки', 'ДУБКИ', 'ROOM', 0, 12, 12, 700.0, 'MONTH', 10001018, 'Кімната в гуртожитку',
        CURRENT_TIMESTAMP(), 10011),
       (10114, 20010001, 'Дубки', 'ДУБКИ', 'ROOM', 0, 14, 14, 800.0, 'MONTH', 10001019, 'Кімната в гуртожитку',
        CURRENT_TIMESTAMP(), 10013),
       (10115, 20010002, 'Левада', 'ЛЕВАДА', 'FLAT', 3, 67, 42, 7000.0, 'MONTH', 10001026,
        'Трикімнатна квартира з ремонтом і меблями на Леваді', CURRENT_TIMESTAMP(), 10013),
       (10116, 20010012, 'Станція', 'СТАНЦІЯ', 'HOUSE', 6, 145, 98, 180000.0, 'YEAR', NULL,
        'Будинок з усіма вигодами: водогін, каналізація, газ, гараж.', CURRENT_TIMESTAMP(), 10014),
       (10117, 20010002, 'Левада', 'ЛЕВАДА', 'BACHELOR_FLAT', 0, 30, 22, 2200.0, 'MONTH', 10001027,
        'Кавалерка з окремим санвузлом (душ, унітаз); мийка, проводка під електроплиту', CURRENT_TIMESTAMP(), 10015),
       (10118, 20010002, 'Гора', 'ГОРА', 'FLAT', 1, 38, 24, 2200.0, 'MONTH', 10001028,
        'Однокімнатна квартира покращеного планування - велика кухня, балкон і лоджія', CURRENT_TIMESTAMP(), 10011),
       (10119, 20010007, 'Долина', 'ДОЛИНА', 'HOUSE', 6, 120, 90, 8000.0, 'MONTH', NULL,
        'Будинок на велику сімєю на Долині; всі вигоди - водогін, каналізація, газ', CURRENT_TIMESTAMP(), 10013),
       (10120, 20010002, 'Гора', 'ГОРА', 'FLAT', 2, 60, 45, 3000.0, 'MONTH', 10001029,
        'Двокімнатна квартира покращеного планування: велика кухня, балкон (вітальня) і дві лоджії (спальня і кухня)',
        CURRENT_TIMESTAMP(), 10015),
       (10121, 20010002, 'Діл', 'ДІЛ', 'BACHELOR_FLAT', 1, 20, 14, 1200.0, 'MONTH', 10001030,
        'Кавалерка на Долі, свій санвузол (унітаз, душ), мийка, місце для приготування їжі', CURRENT_TIMESTAMP(),
        10015),
       (10122, 20010002, 'Діл', 'ДІЛ', 'FLAT', 5, 120, 96, 8500.0, 'MONTH', 10001031,
        'Велика квартира на Долі: дві спальні, вітальня, кабінет, їдальня, велика кухня; два балкони - у кухні і вітальні, лоджії в решті кімнат',
        CURRENT_TIMESTAMP(), 10013),
       (10123, 20010006, '-', '-', 'FLAT', 1, 32, 16, 2800.0, 'MONTH', NULL, 'Однокімнатна квартира з усіма вигодами',
        CURRENT_TIMESTAMP(), 10013),
       (10124, 20010005, 'Набережна', 'НАБЕРЕЖНА', 'ROOM', 0, 18, 18, 800.0, 'MONTH', NULL, 'Кімната в комуналці',
        CURRENT_TIMESTAMP(), 10014),
       (10125, 20010002, 'Левада', 'ЛЕВАДА', 'FLAT', 1, 32, 18, 6000.0, 'QUARTER', 10001032,
        'Однокімнатна квартира на Леваді', CURRENT_TIMESTAMP(), 10015),
       (10126, 20010013, 'Береза', 'БЕРЕЗА', 'BACHELOR_FLAT', 1, 22, 16, 600.0, 'WEEK', NULL,
        'Гостинка зі своїм санвузлом (душ/унітаз); оплата щотижнева', CURRENT_TIMESTAMP(), 10015),
       (10127, 20010013, 'Липки', 'ЛИПКИ', 'HOUSE', 3, 80, 64, 8000.0, 'HALF_YEAR', NULL,
        'Будинок з усіма вигодами: водогін, каналізація, газ, унітаз, ванна кімната, газовий котел. ',
        CURRENT_TIMESTAMP(), 10011),
       (10128, 20010012, 'Станція', 'СТАНЦІЯ', 'FLAT', 2, 54, 36, 28000.0, 'YEAR', NULL,
        'Двокімнатна квартира; мінімальний термін оренди - рік', CURRENT_TIMESTAMP(), 10013),
       (10129, 20010012, 'Переділ', 'ПЕРЕДІЛ', 'FLAT', 1, 40, 22, 3000.0, 'MONTH', NULL,
        'Однокімнатна квартира покращеного планування: балкон в кімнаті і лоджія на кухні', CURRENT_TIMESTAMP(), 10014),
       (10130, 20010002, 'Діл', 'ДІЛ', 'ROOM', 0, 12, 12, 350.0, 'DAY', 10001033,
        'Подобова оренда кімнати на Долу; заселення з 14:00, виїзд - до 11:00, виїзд після 11:00 оплачується додатково',
        CURRENT_TIMESTAMP(), 10014),
       (10131, 20010010, 'Бичівка', 'БИЧІВКА', 'FLAT', 1, 48, 32, 800.0, 'DAY', NULL,
        'Однокімнатна квартира покращеного планування: два балкони, вбудовані шафи. Заїзд після 14:00, виїзд до 11:00',
        CURRENT_TIMESTAMP(), 10015),
       (10132, 20010010, 'Центр', 'ЦЕНТР', 'BACHELOR_FLAT', 1, 24, 18, 450.0, 'DAY', NULL,
        'Кавалерка подобово. Заїзд після 13:00, виїзд до 11:00', CURRENT_TIMESTAMP(), 10013),
       (10133, 20010003, 'Біла Акація', 'БІЛА АКАЦІЯ', 'ROOM', 0, 16, 16, 220.0, 'DAY', 10001034,
        'Кымната в квартирі, заїзд після 12:00, звільнення - до 11:00', CURRENT_TIMESTAMP(), 10011),
       (10134, 20010003, 'Біла Акація', 'БІЛА АКАЦІЯ', 'BACHELOR_FLAT', 1, 26, 20, 1100.0, 'WEEK', 10001035,
        'Потижнева оренда кавалерки на Білій Акації', CURRENT_TIMESTAMP(), 10014),
       (10135, 20010011, 'Сортировка', 'СОРТИРОВКА', 'FLAT', 2, 56, 32, 3200.0, 'MONTH', NULL,
        'Двокімнатна квартира покращеного планування на Сортировці', CURRENT_TIMESTAMP(), 10015),
       (10136, 20010011, 'Погуляйка', 'ПОГУЛЯЙКА', 'HOUSE', 3, 64, 48, 18000.0, 'QUARTER', NULL,
        'Будиночок в оренду поквартально', CURRENT_TIMESTAMP(), 10015),
       (10137, 20010015, 'Заріччя', 'ЗАРІЧЧЯ', 'FLAT', 2, 64, 44, 36000.0, 'YEAR', NULL,
        'Велика двокімнатна квартира на Заріччі', CURRENT_TIMESTAMP(), 10013);

# phones: property agents and agencies (as a rule)
INSERT INTO `phone` (ID, DISPLAY_PHONE_NUMBER, SEARCH_PHONE_NUMBER, DESCRIPTION)
VALUES (2010101, '+38 (088) 756-44-11', '+380887564411', 'Пацюк Елеонора Вільґельмівна, агент з нерухомості'),
       (2010102, '+38 (088) 751-15-88', '+380887511588', 'Пасожит Ельвіра, агент з нерухомості'),
       (2010103, '+38 (087) 901-41-15', '+380879014115', 'Агенство нерухомості "Піська"'),
       (2010104, '+38 (088) 405-67-17', '+380884056717', 'Драпежник Річард Адальбертович, рієлтор'),
       (2010105, '+38 (078) 568-89-90', '+380785688990', 'Лотр Евеліна, рієлтор'),
       (2010106, '+38 (079) 891-01-78', '+380798910178', 'Ошуст Хведір Петрович, агент з винайму житла'),
       (2010107, '+38 (077) 785-61-10', '+380777856110', 'Збродняж Леопольд Карлович, маклер'),
       (2010108, '+38 (078) 891-01-05', '+380788910105', 'Пугач Марта Авдіївна, рієлтор'),
       (2010109, '+38 (081) 756-19-90', '+380817561990', 'Агенство нерухомості "Непорушний Анґел"'),
       (2010110, '+38 (081) 407-71-89', '+380814077189 ', 'Маклерська контора "Пустка"'),
       (2010111, '+38 (082) 417-91-19', '+380824179119', 'Лиса Анфіса Патриківна, незалежний маклер'),
       (2010112, '+38 (082) 405-56-56', '+380824055656', 'Жаба Мельхіор Балтазарович');

# dwelling phones
INSERT
INTO `dwelling_phones` (PHONE_ID, DWELLING_ID, ORDINAL_INDEX)
VALUES (2010101, 10101, 0), -- пацюк
       (2010101, 10102, 0),
       (2010101, 10103, 0),
       (2010102, 10104, 0),
       (2010102, 10105, 0),
       (2010102, 10106, 0),
       (2010102, 10107, 0),
       (2010103, 10107, 1), -- піська
       (2010103, 10108, 0), -- піська
       (2010103, 10109, 0), -- піська
       (2010104, 10109, 1),
       (2010102, 10109, 2),
       (2010104, 10110, 0),
       (2010104, 10111, 0),
       (2010105, 10112, 0),
       (2010105, 10113, 0),
       (2010105, 10114, 0),
       (2010103, 10114, 1), -- піська
       (2010106, 10114, 2),
       (2010106, 10115, 0),
       (2010106, 10116, 0),
       (2010106, 10117, 0),
       (2010107, 10117, 1),
       (2010103, 10117, 2), -- піська
       (2010107, 10118, 0),
       (2010107, 10119, 0),
       (2010107, 10120, 0),
       (2010108, 10121, 0),
       (2010108, 10122, 0),
       (2010108, 10123, 0),
       (2010109, 10123, 1), -- непорушний ангел
       (2010109, 10124, 0), -- непорушний ангел
       (2010109, 10125, 0), -- непорушний ангел
       (2010110, 10126, 0), -- пустка
       (2010110, 10127, 0), -- пустка
       (2010110, 10128, 0), -- пустка
       (2010111, 10129, 0),
       (2010111, 10130, 0),
       (2010111, 10131, 0),
       (2010110, 10132, 0), -- пустка
       (2010110, 10133, 0), -- пустка
       (2010109, 10134, 0), -- непорушний ангел
       (2010109, 10135, 0), -- непорушний ангел
       (2010109, 10136, 0), -- непорушний ангел
       (2010109, 10137, 0);
-- непорушний ангел

#e-mails: agencies only
INSERT INTO `email_address` (ID, EMAIL_ADDRESS, DESCRIPTION)
VALUES (2010101, 'elvira.patsyuk@mymail.com', 'Пацюк Елеонора Вільґельмівна, агент з нерухомості'),
       (2010102, 'elvira.pasozhyt@mymail.com', 'Пасожит Ельвіра, агент з нерухомості'),
       (2010103, 'contact@piska.com', 'Агенство нерухомості "Піська"'),
       (2010104, 'richard.drap@mymail.com', 'Драпежник Річард Адальбертович, рієлтор'),
       (2010105, 'evelina.lotr@mymail.com', 'Лотр Евеліна, рієлтор'),
       (2010109, 'contact@non-movable-angel.com.ua', 'Агенство нерухомості "Непорушний Анґел"'),
       (2010110, 'contact@pustka.makler.ua', 'Маклерська контора "Пустка"');

# dwelling e-mails
INSERT INTO `dwelling_emails` (EMAIL_ADDRESS_ID, DWELLING_ID, ORDINAL_INDEX)
VALUES (2010101, 10101, 0),
       (2010102, 10102, 0),
       (2010103, 10107, 0),
       (2010103, 10108, 0),
       (2010103, 10109, 0),
       (2010103, 10114, 0),
       (2010103, 10117, 0),
       (2010104, 10109, 1),
       (2010104, 10110, 0),
       (2010104, 10111, 0),
       (2010105, 10112, 0),
       (2010105, 10113, 0),
       (2010105, 10114, 1),
       (2010109, 10123, 0), -- непорушний ангел
       (2010109, 10124, 0), -- непорушний ангел
       (2010109, 10125, 0),
       (2010109, 10134, 0), -- непорушний ангел
       (2010109, 10135, 0), -- непорушний ангел
       (2010109, 10136, 0), -- непорушний ангел
       (2010109, 10137, 0),
       (2010110, 10126, 0), -- пустка
       (2010110, 10127, 0), -- пустка
       (2010110, 10128, 0),
       (2010110, 10132, 0), -- пустка
       (2010110, 10133, 0);
