INSERT INTO employer (ID, DISPLAY_NAME, SEARCH_VALUE, SETTLEMENT_ID, WEBSITE, LOCATION_ID, MODIFICATION_TIME,
                      MODIFIED_BY_USER_ID)
VALUES (1001001, 'Верхньотестіївська міська лікарня №1', 'ВЕРХНЬОТЕСТІЇВСЬКА МІСЬКА ЛІКАРНЯ №1', 20010010,
        'https://likarnia.1.testijiw.gov.ua', 10001003, CURRENT_TIMESTAMP(), 10007), -- Верхній Тестіїв STREET: 30001101, 30001102, 30001103, 30001104
       (1001002, 'ТОВ "Перша Приватна Мемарня"', 'ТОВ "ПЕРША ПРИВАТНА МЕМАРНЯ"', 20010010,
        'https://1st-private-memshop.com.ua', 10001105, CURRENT_TIMESTAMP(), 10011),
       (1002001, 'Завод "Метеор"', 'ЗАВОД "МЕТЕОР"', 20010004, 'http://www.meteor.plant.con.ua/', 10001044,
        CURRENT_TIMESTAMP(), 10007),                                                -- Новий Тестіів
       (1002002, 'ПрАТ "Дика Орхідея в Багні"', 'ПРАТ "ДИКА ОРХІДЕЯ В БАГНІ"', 20010003,
        'https://wild-orchid-in-mud.com/', 10001040, CURRENT_TIMESTAMP, 10011),     -- Нижні Реґресії, Януша Корчака, Ук-1
       (1003001, 'Кафе "Дніпровська Хвиля"', 'КАФЕ "ДНІПРОВСЬКА ХВИЛЯ"', 20010005,
        NULL, 10001063, CURRENT_TIMESTAMP(), 10011),                                -- Верхні Забрьохи
       (1003002, 'ВАТ "Мурчік і Рекс"', 'ВАТ "МУРЧІК І РЕКС"', 20010003, 'https://murchik-i-reks.com/', 10001042,
        CURRENT_TIMESTAMP, 10007),                                                  -- Нижні Реґресії, Джорджа Гаррісона, Хєръ
       (1004001, 'Салон краси "Лілея"', 'САЛОН КРАСИ "ЛІЛЕЯ"', 20010010,
        'https://www.lileya.beauty.com.ua/', 10001108, CURRENT_TIMESTAMP(), 10007), -- Верхній Тестіїв, Джона Леннона, 2
       (1004002, 'ФОП Нарцис І.П.', 'ФОП НАРЦИС І.П.', 20010016, NULL, 10001137, CURRENT_TIMESTAMP,
        10011),                                                                     -- Гнійні Курені, Вічтліпочтля, 18, 101
       (1004003, 'ФОП Буквдупів Ж.А.', 'ФОП БУКВДУПІВ Ж.А.', 20010016, NULL, 10001138, CURRENT_TIMESTAMP,
        10011),                                                                     -- Гнійні Курені, Вічтліпочтля, 18, 102
       (1004004, 'ТОВ "Веранда Монтезуми"', 'ТОВ "ВЕРАНДА МОНТЕЗУМИ"', 20010016, 'https://veranda-montezume.com.mx.ua',
        10001139, CURRENT_TIMESTAMP, 10011),                                        -- Гнійні Курені, Вічтліпочтля, 18, 401
       (1005001, 'ВАТ "Нова Курв''ярня"', 'ВАТ "НОВА КУРВ''ЯРНЯ"', 20010005, 'https://nova-truparnia..zabriochy.ua/',
        10001063, CURRENT_TIMESTAMP(), 10007),                                      -- Верхні Забрьохи, Владіслава Бартошевськеґо, 92
       (1005002, 'ТОВ "Дубавріж"', 'ТОВ "ДУБАВРІЖ"', 20010001, NULL, 10001020, CURRENT_TIMESTAMP, 10011) -- Тестіїв, Тараса Шевченка, Рци
;

-- Телефони
INSERT INTO `phone`(ID, DISPLAY_PHONE_NUMBER, SEARCH_PHONE_NUMBER, DESCRIPTION)
VALUES (1010101, '+38 (091) 101-01-01', '+380911010101', 'Верхньотестіївська міська лікарня №1, відділ кадрів'),
       (1010102, '+38 (091) 101-01-02', '+380911010102',
        'Верхньотестіївська міська лікарня №1, приймальня головного лікаря'),
       (1010201, '+38 (091) 101-02-01', '+380911010201', 'ТОВ "Перша Приватна Мемарня", директор'),
       (1010202, '+38 (091) 101-02-02', '+380911010202', 'ТОВ "Перша Приватна Мемарня", начальник відділу кадрів'),
       (1010203, '+38 (091) 101-02-03', '+380911010203',
        'ТОВ "Перша Приватна Мемарня", головний спеціаліст відділу кадрів'),
       (1020101, '+38 (091) 102-01-01', '+380911020101', 'Завод "Метеор", начальник відділу кадрів'),
       (1020102, '+38 (091) 102-01-02', '+380911020102', 'Завод "Метеор", головний спеціаліст відділу кадрів'),
       (1020103, '+38 (091) 102-01-03', '+380911020103', 'Завод "Метеор", спеціаліст відділу кадрів'),
       (1020201, '+38 (091) 102-02-01', '+380911020201', 'ПрАТ "Дика Орхідея в Багні", начальник відділу кадрів'),
       (1020202, '+38 (091) 102-02-02', '+380911020202', 'ПрАТ "Дика Орхідея в Багні", спеціаліст відділу кадрів'),
       (1030101, '+38 (091) 103-01-01', '+380911030101', 'Кафе "Дніпровська Хвиля", директор'),
       (1030102, '+38 (091) 103-01-02', '+380911030102', 'Кафе "Дніпровська Хвиля", відділ кадрів'),
       (1030201, '+38 (091) 103-02-01', '+380911030201', 'ВАТ "Мурчік і Рекс", директор'),
       (1030202, '+38 (091) 103-02-02', '+380911030202', 'ВАТ "Мурчік і Рекс", відділ кадрів'),
       (1030203, '+38 (091) 103-02-03', '+380911030203', 'ВАТ "Мурчік і Рекс", головний економіст'),
       (1040101, '+38 (091) 104-01-01', '+380911040101', 'Салон краси "Лілея", директор'),
       (1040102, '+38 (091) 104-01-02', '+380911040102', 'Салон краси "Лілея", головний спеціаліст'),
       (1040201, '+38 (091) 104-02-01', '+380911040201', 'ФОП Нарцис І.П., робочий'),
       (1040202, '+38 (091) 104-02-02', '+380911040202', 'ФОП Нарцис І.П., приватний'),
       (1040301, '+38 (091) 104-02-03', '+380911040203', 'ФОП Буквдупів Ж.А., робочий'),
       (1040401, '+38 (091) 104-04-01', '+380911040401', 'ТОВ "Веранда Монтезуми", директор'),
       (1040402, '+38 (091) 104-04-02', '+380911040402', 'ТОВ "Веранда Монтезуми", відділ кадрів'),
       (1050101, '+38 (091) 105-01-01', '+380911050101', 'ВАТ "Нова Курв''ярня", директор'),
       (1050102, '+38 (091) 105-01-02', '+380911050102', 'ВАТ "Нова Курв''ярня", відділ кадрів'),
       (1050201, '+38 (091) 105-02-01', '+380911050201', 'ТОВ "Дубавріж", директор'),
       (1050202, '+38 (091) 105-02-02', '+380911050202', 'ТОВ "Дубавріж", відділ кадрів');

INSERT INTO `employer_phones` (PHONE_ID, EMPLOYER_ID, ORDINAL_INDEX)
VALUES (1010101, 1001001, 0),
       (1010102, 1001001, 1),
       (1010201, 1001002, 0),
       (1010202, 1001002, 1),
       (1010203, 1001002, 2),
       (1020101, 1002001, 0),
       (1020102, 1002001, 1),
       (1020103, 1002001, 2),
       (1020201, 1002002, 0),
       (1020202, 1002002, 1),
       (1030101, 1003001, 0),
       (1030102, 1003001, 1),
       (1030201, 1003002, 0),
       (1030202, 1003002, 1),
       (1030203, 1003002, 2),
       (1040101, 1004001, 0),
       (1040102, 1004001, 1),
       (1040201, 1004002, 0),
       (1040202, 1004002, 1),
       (1040301, 1004003, 0),
       (1040401, 1004004, 0),
       (1040402, 1004004, 1),
       (1050101, 1005001, 0),
       (1050102, 1005001, 1),
       (1050201, 1005002, 0),
       (1050202, 1005002, 1);

insert into `email_address`(ID, EMAIL_ADDRESS, DESCRIPTION)
VALUES (1010101, 'widdil.kadriw@werchniotestijiwska-miska-likarnia.mail.ua',
        'Верхньотестіївська міська лікарня №1, відділ кадрів'),
       (1010102, 'holowlikar-lobby@werchniotestijiwska-miska-likarnia.mail.ua',
        'Верхньотестіївська міська лікарня №1, приймальня головного лікаря'),
       (1010201, 'direktor@persha-prywatna-memarnia.mail.ua', 'ТОВ "Перша Приватна Мемарня", директор'),
       (1010202, 'chef.widdilu.kadriw@persha-prywatna-memarnia.mail.ua',
        'ТОВ "Перша Приватна Мемарня", начальник відділу кадрів'),
       (1010203, 'Holownyj_specjalist_widdilu-kadriw@persha-prywatna-memarnia.mail.ua',
        'ТОВ "Перша Приватна Мемарня", головний спеціаліст відділу кадрів'),
       (1020101, 'naczalnik-widdilu-kadriw@meteor.com.ua', 'Завод "Метеор", начальник відділу кадрів'),
       (1020102, 'holownyj-spec-widdilu-kadriw@meteor.com.ua', 'Завод "Метеор", головний спеціаліст відділу кадрів'),
       (1020103, 'spec1-widdilu-kadriw@meteor.com.ua', 'Завод "Метеор", спеціаліст відділу кадрів'),
       (1020201, 'chef-widdilu-kadriw@dyka-orchideja.com.ua', 'ПрАТ "Дика Орхідея в Багні", начальник відділу кадрів'),
       (1020202, 'spec-widdilu-kadriw@dyka-orchideja.com.ua', 'ПрАТ "Дика Орхідея в Багні", спеціаліст відділу кадрів'),
       (1030101, 'dyrektor@kafe-dniprowska-chwylia.com.ua', 'Кафе "Дніпровська Хвиля", директор'),
       (1030102, 'widdil-kadriw@kafe-dniprowska-chwylia.com.ua', 'Кафе "Дніпровська Хвиля", відділ кадрів'),
       (1030201, 'dyrektor@murczik-i-reks.mail.ua', 'ВАТ "Мурчік і Рекс", директор'),
       (1030202, 'widdil-kadriw@murczik-i-reks.mail.ua', 'ВАТ "Мурчік і Рекс", відділ кадрів'),
       (1030203, 'holownyj-ekonomist@murczik-i-reks.mail.ua', 'ВАТ "Мурчік і Рекс", головний економіст'),
       (1040101, 'dyrektor@salon-krasy-lileja.com.ua', 'Салон краси "Лілея", директор'),
       (1040102, 'holwnyj-specialist@salon-krasy-lileja.com.ua', 'Салон краси "Лілея", головний спеціаліст'),
       (1040201, 'narcis@work.mail.ua', 'ФОП Нарцис І.П., робоча адреса'),
       (1040202, 'ivan.p.narcis@gmail.com', 'ФОП Нарцис І.П., приватна адреса'),
       (1040301, 'zhopa.bukwdupie@gmail.com', 'ФОП Буквдупів Ж.А., робоча адреса'),
       (1040401, 'dyrektor@weranda-montezumy.com.ua', 'ТОВ "Веранда Монтезуми", директор'),
       (1040402, 'kadry@weranda-montezumy.com.ua', 'ТОВ "Веранда Монтезуми", відділ кадрів'),
       (1050101, 'dyrektor@nova-kurwiarnia.com.ua', 'ВАТ "Нова Курв''ярня", директор'),
       (1050102, 'widdil-kadriw@nova-kurwiarnia.com.ua', 'ВАТ "Нова Курв''ярня", відділ кадрів'),
       (1050201, 'dyrektor@dubawrizh.com.ua', 'ТОВ "Дубавріж", директор'),
       (1050202, 'widdil-kadriw@dubawrizh.com.ua', 'ТОВ "Дубавріж", відділ кадрів');

INSERT INTO `employer_emails`(EMAIL_ADDRESS_ID, EMPLOYER_ID, ORDINAL_INDEX)
VALUES (1010101, 1001001, 0),
       (1010102, 1001001, 1),
       (1010201, 1001002, 0),
       (1010202, 1001002, 1),
       (1010203, 1001002, 2),
       (1020101, 1002001, 0),
       (1020102, 1002001, 1),
       (1020103, 1002001, 2),
       (1020201, 1002002, 0),
       (1020202, 1002002, 1),
       (1030101, 1003001, 0),
       (1030102, 1003001, 1),
       (1030201, 1003002, 0),
       (1030202, 1003002, 1),
       (1030203, 1003002, 2),
       (1040101, 1004001, 0),
       (1040102, 1004001, 1),
       (1040201, 1004002, 0),
       (1040202, 1004002, 1),
       (1040301, 1004003, 0),
       (1040401, 1004004, 0),
       (1040402, 1004004, 1),
       (1050101, 1005001, 0),
       (1050102, 1005001, 1),
       (1050201, 1005002, 0),
       (1050202, 1005002, 1);
