# agencies
INSERT INTO `lawyer_agency` (ID, DISPLAY_NAME, SEARCH_VALUE, WEB_SITE, SETTLEMENT_ID, LOCATION_ID, MODIFICATION_TIME, MODIFIED_BY_USER_ID)
VALUES (1001, 'Адвокатська контора "Юріс-поліс"', 'АДВОКАТСЬКА КОНТОРА "ЮРІС-ПОЛІС"', 'https://juris-polis.com.ua/', 20010006, 10001067, CURRENT_TIMESTAMP(), 10010),  -- Обсолітів
       (1002, 'Юридична консультація "Фєміда-Люкс"', 'ЮРИДИЧНА КОНСУЛЬТАЦІЯ "ФЄМІДА-ЛЮКС"', 'https://femida-lux.com.ua/', 20010002, 10001024, CURRENT_TIMESTAMP(), 10010),  -- Велика Інтеґрація
       (1003, 'Бодун Ю. М., незалежний адвокат', 'БОДУН Ю. М., НЕЗАЛЕЖНИЙ АДВОКАТ', 'https://facebook.com/Jurij.Bodun', 20010003, 10001038, CURRENT_TIMESTAMP(), 10012),  -- Нижні Реґресії
       (1004, 'Юридична фірма "Немезіда-Експрес"', 'ЮРИДИЧНА ФІРМА "НЕМЕЗІДА-ЕКСПРЕС"', 'https://nemezida-ekspress.com.ua/', 20010004, 10001045, CURRENT_TIMESTAMP(), 10013),  -- Новий Тестіїв
       (1005, 'Адвокатське об''єднання "Фелятрікс"', 'АДВОКАТСЬКЕ ОБ''ЄДНАННЯ "ФЕЛЯТРІКС"', 'https://felatriks-advokat.com.ua/', 20010004, 10001043, CURRENT_TIMESTAMP(), 10012),  -- Новий Тестіїв
       (1006, 'Юра Б.Д., адвокат в цивілних справах', 'ЮРА Б.Д., АДВОКАТ В ЦИВІЛНИХ СПРАВАХ', 'https://facebook.com/Bohdan.Jura', 20010004, 10001048, CURRENT_TIMESTAMP(), 10014),  -- Новий Тестіїв
       (1007, 'Колун В.Д., адвокат', 'КОЛУН В.Д., АДВОКАТ', 'https://facebook.com/Wadym.Kolun', 20010006, 10001065, CURRENT_TIMESTAMP(), 10014),  -- Обсолітів
       (1008, 'Юридична фірма "Бусоляк і партнери"', 'ЮРИДИЧНА ФІРМА "БУСОЛЯК І ПАРТНЕРИ"', 'https://busoliak-i-partnery.jurist.com.ua', 20010007, 10001072, CURRENT_TIMESTAMP(), 10012),  -- Нові Юніттести, Яна Гуса
       (1009, 'Адвокатське бюро "Захист"', 'АДВОКАТСЬКЕ БЮРО "ЗАХИСТ"', 'https://zachyst-adwokat.com.ua/', 20010008, 10001081, CURRENT_TIMESTAMP(), 10015),  -- м. Старий Тестіїв, Валер'яна Підмогильного
       (1010, 'Центр правової допомоги "Фортеця"', 'ЦЕНТР ПРАВОВОЇ ДОПОМОГИ "ФОРТЕЦЯ"', 'https://cpd-fortetzia.org.ua/', 20010007, 10001071, CURRENT_TIMESTAMP(), 10014),  -- Нові Юніттести, Карела Чапека
       (1011, 'Юридична фірма "Хабар і Бакшиш"', 'ЮРИДИЧНА ФІРМА "ХАБАР І БАКШИШ"', 'https://iur.chabar-i-bakszysz.com.ua/', 20010008, 10001083, CURRENT_TIMESTAMP(), 10010),  -- м. Старий Тестіїв, пл. Березоля
       (1012, 'Адвокатесса Елеонора Аквітаненко', 'АДВОКАТЕССА ЕЛЕОНОРА АКВІТАНЕНКО', 'https://facebook.com/eleonor.aquitanenko', 20010008, 10001087, CURRENT_TIMESTAMP(), 10013),  -- м. Старий Тестіїв
       (1013, 'Адвокат Леон Кілерюк', 'АДВОКАТ ЛЕОН КІЛЕРЮК', 'https://facebook.com/leon-kileriuk', 20010009, 10001101, CURRENT_TIMESTAMP(), 10013),  -- Забуті трекінги
       (1014, 'Центр юридичних консультацій "Підстава"', 'ЦЕНТР ЮРИДИЧНИХ КОНСУЛЬТАЦІЙ "ПІДСТАВА"', 'https://cjk-pidstava.com.ua', 20010013, 10001121, CURRENT_TIMESTAMP(), 10015),  -- Великотестіївське
       (1015, 'Адвокатське бюро "Ассесор"', 'АДВОКАТСЬКЕ БЮРО "АССЕСОР"', 'https://accessor.adwokat.ua', 20010015, 10001134, CURRENT_TIMESTAMP(), 10010);  -- Мала Гноярка, Філіпа Діка

# cases
INSERT INTO `lawyer_agency_cases` (AGENCY_ID, CASE_ID)
VALUES (1001, 'CRIMINAL'),
       (1001, 'ADMINISTRATIVE'),
       (1001, 'CIVIL'),
       (1001, 'FAMILY'),
       (1001, 'PROPERTY'),
       (1002, 'CIVIL'),
       (1002, 'FAMILY'),
       (1002, 'PROPERTY'),
       (1003, 'CRIMINAL'),
       (1003, 'ADMINISTRATIVE'),
       (1003, 'CIVIL'),
       (1004, 'CRIMINAL'),
       (1004, 'ADMINISTRATIVE'),
       (1004, 'CIVIL'),
       (1004, 'PROPERTY'),
       (1005, 'PROPERTY'),
       (1005, 'CIVIL'),
       (1005, 'FAMILY'),
       (1005, 'ADMINISTRATIVE'),
       (1005, 'CRIMINAL'),
       (1006, 'CIVIL'),
       (1006, 'PROPERTY'),
       (1007, 'CRIMINAL'),
       (1007, 'CIVIL'),
       (1007, 'PROPERTY'),
       (1008, 'CRIMINAL'),
       (1008, 'ADMINISTRATIVE'),
       (1008, 'CIVIL'),
       (1009, 'CRIMINAL'),
       (1009, 'ADMINISTRATIVE'),
       (1009, 'CIVIL'),
       (1010, 'CRIMINAL'),
       (1010, 'ADMINISTRATIVE'),
       (1010, 'CIVIL'),
       (1010, 'PROPERTY'),
       (1010, 'FAMILY'),
       (1011, 'CIVIL'),
       (1011, 'ADMINISTRATIVE'),
       (1011, 'CRIMINAL'),
       (1011, 'PROPERTY'),
       (1012, 'FAMILY'),
       (1012, 'CIVIL'),
       (1012, 'PROPERTY'),
       (1012, 'ADMINISTRATIVE'),
       (1013, 'CRIMINAL'),
       (1013, 'ADMINISTRATIVE'),
       (1013, 'CIVIL'),
       (1014, 'CRIMINAL'),
       (1014, 'ADMINISTRATIVE'),
       (1014, 'CIVIL'),
       (1014, 'FAMILY'),
       (1014, 'PROPERTY'),
       (1015, 'CRIMINAL'),
       (1015, 'ADMINISTRATIVE'),
       (1015, 'PROPERTY');

# phones
INSERT INTO `phone` (ID, DISPLAY_PHONE_NUMBER, SEARCH_PHONE_NUMBER, DESCRIPTION)
VALUES (4000001, '+38 (091) 751-98-18', '+380917519818', 'Адвокатська контора "Юріс-поліс"'),
       (4000002, '+38 (092) 752-90-10', '+380927529010', 'Юридична консультація "Фєміда-Люкс"'),
       (4000003, '+38 (090) 753-91-21', '+380907539121', 'Бодун Ю. М., незалежний адвокат'),
       (4000004, '+38 (093) 754-89-31', '+380937548931', 'Юридична фірма "Немезіда-Експрес"'),
       (4000005, '+38 (093) 755-01-91', '+380937550191', 'Адвокатське об''єднання "Фелятрікс"'),
       (4000006, '+38 (093) 755-02-23', '+380937550223', 'Юра Б.Д., адвокат в цивілних справах'),
       (4000007, '+38 (091) 752-03-30', '+380917520330', 'Колун В.Д., адвокат'),
       (4000008, '+38 (094) 756-21-12', '+380947562112', 'Юридична фірма "Бусоляк і партнери"'),
       (4000009, '+38 (095) 891-31-02', '+380958913102', 'Адвокатське бюро "Захист"'),
       (4000010, '+38 (094) 801-05-24', '+380948010524', 'Центр правової допомоги "Фортеця"'),
       (4000011, '+38 (095) 701-18-02', '+380957011802', 'Юридична фірма "Хабар і Бакшиш"'),
       (4000012, '+38 (095) 702-78-15', '+380957027815', 'Адвокатесса Елеонора Аквітаненко'),
       (4000013, '+38 (096) 610-10-80', '+380966101080', 'Адвокат Леон Кілерюк'),
       (4000014, '+38 (097) 695-59-19', '+380976955919', 'Центр юридичних консультацій "Підстава"'),
       (4000015, '+38 (098) 694-60-16', '+380986946016', 'Адвокатське бюро "Ассесор"');

INSERT INTO `lawyer_agency_phones` (PHONE_ID, AGENCY_ID, ORDINAL_INDEX)
VALUES (4000001, 1001, 0),
       (4000002, 1002, 0),
       (4000003, 1003, 0),
       (4000004, 1004, 0),
       (4000005, 1005, 0),
       (4000006, 1006, 0),
       (4000007, 1007, 0),
       (4000008, 1008, 0),
       (4000009, 1009, 0),
       (4000010, 1010, 0),
       (4000011, 1011, 0),
       (4000012, 1012, 0),
       (4000013, 1013, 0),
       (4000014, 1014, 0),
       (4000015, 1015, 0);

INSERT INTO `email_address` (ID, EMAIL_ADDRESS, DESCRIPTION)
VALUES (4000001, 'juris-polis.recept@ukr.net', 'Адвокатська контора "Юріс-поліс"'),
       (4000002, 'femida-luks01@gmail.com', 'Юридична консультація "Фєміда-Люкс"'),
       (4000003, 'yura_bodun89@gmail.com', 'Бодун Ю. М., незалежний адвокат'),
       (4000004, 'nemezida-ekspres.101@ukr.net', 'Юридична фірма "Немезіда-Експрес"'),
       (4000005, 'felatrix-adwokaty.in@ukr.net', 'Адвокатське об''єднання "Фелятрікс"'),
       (4000006, 'bohdan_jura.adwokat@gmail.com', 'Юра Б.Д., адвокат в цивілних справах'),
       (4000007, 'w.d.kolun@gmail.com', 'Колун В.Д., адвокат'),
       (4000008, 'busoliak-i-partnery@ukr.net', 'Юридична фірма "Бусоляк і партнери"'),
       (4000009, 'biouro.zachyst-01@urk.net', 'Адвокатське бюро "Захист"'),
       (4000010, 'centr_fortecia.in@ukr.net', 'Центр правової допомоги "Фортеця"'),
       (4000011, 'habar-i-bakshish.in@ukr.net', 'Юридична фірма "Хабар і Бакшиш"'),
       (4000012, 'eleonor.akvitanenko@gmail.com', 'Адвокатесса Елеонора Аквітаненко'),
       (4000013, 'leon.kileriuk@gmail.com', 'Адвокат Леон Кілерюк'),
       (4000014, 'centr_pidstawa.in@ukr.net', 'Центр юридичних консультацій "Підстава"'),
       (4000015, 'biuro.assessor@mail.net', 'Адвокатське бюро "Ассесор"');

INSERT INTO `lawyer_agency_emails` (EMAIL_ADDRESS_ID, AGENCY_ID, ORDINAL_INDEX)
VALUES (4000001, 1001, 0),
       (4000002, 1002, 0),
       (4000003, 1003, 0),
       (4000004, 1004, 0),
       (4000005, 1005, 0),
       (4000006, 1006, 0),
       (4000007, 1007, 0),
       (4000008, 1008, 0),
       (4000009, 1009, 0),
       (4000010, 1010, 0),
       (4000011, 1011, 0),
       (4000012, 1012, 0),
       (4000013, 1013, 0),
       (4000014, 1014, 0),
       (4000015, 1015, 0);
